t1793_c0,		t8737262_c1,		1
t1793_c0,		t7319715_c1,		1
t1793_c0,		t9205827_c1,		1
t1793_c0,		t5011423_c6,		1
t1793_c0,		t2456584_c2,		3
t1793_c0,		t3468704_c0,		1
t1793_c0,		t107325_c0,		1
t1793_c0,		t5982579_c0,		1
t1793_c0,		t267943_c0,		1
t1793_c0,		t3877552_c0,		1
t1793_c0,		t5230953_c0,		1
t1793_c0,		t3313927_c0,		1
t1793_c0,		t4786125_c0,		1
t1793_c0,		t5537457_c0,		1
t1793_c0,		t6928371_c0,		1
t1793_c0,		t2948140_c0,		1
t1793_c0,		t3312362_c0,		1
t1793_c0,		t916417_c0,		1
t1793_c0,		t2913168_c0,		1
t1793_c0,		t4723103_c0,		1
t1793_c0,		t6400475_c0,		1
t1793_c0,		t9764595_c0,		1
t1793_c0,		t4388342_c0,		1
t1793_c0,		t6832177_c0,		1
t1793_c0,		t8119137_c0,		1
t1793_c0,		t8718081_c0,		1
t1793_c0,		t5903373_c4,		1
t1793_c0,		t8023712_c4,		1
t1793_c0,		t5129968_c0,		1
t1793_c0,		t770896_c0,		1
t1793_c0,		t561518_c0,		1
t1793_c0,		t2135573_c3,		1
t1793_c0,		t8269220_c0,		1
t1793_c0,		t1296201_c0,		1
t1793_c0,		t6711631_c2,		5
t1793_c0,		t10060391_c6,		1
t1793_c0,		t4824865_c1,		1
t1793_c0,		t6704953_c1,		1
t1793_c0,		t8700709_c3,		7
t1793_c0,		t4578061_c5,		1
t1793_c0,		t6359497_c8,		5
t1793_c0,		t2573382_c0,		1
t1793_c0,		t5063412_c4,		1
t1793_c0,		t64353_c4,		1
t1793_c0,		t10264535_c2,		1
t1793_c0,		t8700709_c2,		3
t1793_c0,		t9355764_c8,		1
t1793_c0,		t6711631_c1,		3
t1793_c0,		t2992888_c0,		1
t1793_c0,		t582563_c0,		2
t1793_c0,		t6890489_c2,		3
t1793_c0,		t79546_c3,		1
t1793_c0,		t9161821_c10,		1
t1793_c0,		t5911358_c0,		1
t1793_c0,		t6887888_c0,		1
t1793_c0,		t8614580_c0,		4
t1793_c0,		t3678421_c0,		2
t1793_c0,		t8391425_c4,		2
t1793_c0,		t3198605_c2,		1
t1793_c0,		t1126237_c5,		1
t1793_c0,		t4542234_c1,		1
t1793_c0,		t1683871_c2,		1
t1793_c0,		t1683871_c0,		1
t1793_c0,		t2755244_c2,		1
t1793_c0,		t8285286_c1,		1
t1793_c0,		t9262857_c5,		1
t1793_c0,		t5769411_c3,		1
t1793_c0,		t10060391_c3,		1
t1793_c0,		t5288939_c0,		1
t1793_c0,		t10045688_c1,		1
t1793_c0,		t2456584_c1,		2
t1793_c0,		t10235239_c1,		1
t1793_c0,		t1276527_c2,		1
t1793_c0,		t5981839_c2,		1
t1793_c0,		t9520876_c0,		1
t1793_c0,		t1381886_c4,		1
t1793_c0,		t1119059_c0,		1
t1793_c0,		t2685909_c0,		1
t1793_c0,		t1390838_c3,		1
t1793_c0,		t2407473_c0,		1
t1793_c0,		t5407894_c1,		1
t1793_c0,		t5813457_c1,		1
t1793_c0,		t1265089_c0,		1
t1793_c0,		t3353490_c0,		1
t1793_c0,		t4937298_c0,		1
t1793_c0,		t4945772_c0,		1
t1793_c0,		t5029109_c0,		1
t1793_c0,		t8495834_c0,		1
t1793_c0,		t1659746_c5,		1
t1793_c0,		t10125921_c0,		1
t1793_c0,		t7441493_c2,		1
t1793_c0,		t8370264_c1,		1
t1793_c0,		t8458946_c2,		1
t1793_c0,		t10005814_c0,		1
t1793_c0,		t10024664_c0,		1
t1793_c0,		t10281900_c0,		1
t1793_c0,		t4917262_c2,		1
t1793_c0,		t6711631_c10,		1
t1793_c0,		t2175125_c0,		1
t1793_c0,		t115249_c5,		1
t1793_c0,		t7396483_c5,		1
t1793_c0,		t388319_c0,		1
t1793_c0,		t2992888_c2,		1
t3967_c0,		t5562157_c0,		2
t3967_c0,		t6359497_c8,		5
t3967_c0,		t8700709_c2,		6
t3967_c0,		t9935516_c0,		1
t3967_c0,		t8477228_c4,		1
t3967_c0,		t1040921_c4,		2
t3967_c0,		t6890489_c2,		3
t3967_c0,		t6711631_c2,		4
t3967_c0,		t8700709_c3,		9
t3967_c0,		t10241076_c0,		1
t3967_c0,		t47423_c4,		1
t3967_c0,		t2236717_c0,		1
t3967_c0,		t3423530_c1,		1
t3967_c0,		t976953_c1,		1
t3967_c0,		t3650688_c1,		1
t3967_c0,		t5878521_c1,		1
t3967_c0,		t9683542_c1,		1
t3967_c0,		t3333417_c1,		1
t3967_c0,		t3685616_c1,		1
t3967_c0,		t9740446_c1,		1
t3967_c0,		t537686_c4,		1
t3967_c0,		t8008840_c0,		1
t3967_c0,		t4578061_c0,		1
t3967_c0,		t5063412_c4,		1
t3967_c0,		t1070454_c0,		1
t3967_c0,		t6359497_c1,		1
t3967_c0,		t7442_c0,		1
t3967_c0,		t10165129_c0,		1
t3967_c0,		t219732_c1,		1
t3967_c0,		t3452737_c10,		1
t3967_c0,		t2456584_c1,		2
t3967_c0,		t1828015_c20,		1
t3967_c0,		t3103958_c0,		1
t3967_c0,		t2729020_c0,		1
t3967_c0,		t2185975_c1,		1
t3967_c0,		t549379_c1,		1
t3967_c0,		t6711631_c0,		1
t3967_c0,		t785881_c0,		1
t3967_c0,		t561518_c0,		1
t3967_c0,		t115249_c5,		1
t3967_c0,		t4729577_c4,		1
t3967_c0,		t4001117_c2,		2
t3967_c0,		t4139008_c1,		1
t3967_c0,		t8992011_c0,		1
t3967_c0,		t9037196_c0,		1
t3967_c0,		t10189703_c4,		1
t3967_c0,		t10009500_c0,		1
t3967_c0,		t10033230_c0,		1
t3967_c0,		t10054417_c0,		1
t3967_c0,		t10074177_c0,		1
t3967_c0,		t10093183_c0,		1
t3967_c0,		t10103894_c0,		1
t3967_c0,		t10132236_c0,		1
t3967_c0,		t10160664_c0,		1
t3967_c0,		t10161197_c0,		1
t3967_c0,		t10165570_c0,		1
t3967_c0,		t10203240_c0,		1
t3967_c0,		t10203901_c0,		1
t3967_c0,		t10217268_c0,		1
t3967_c0,		t10267253_c0,		1
t3967_c0,		t8391425_c3,		1
t3967_c0,		t4729577_c0,		1
t3967_c0,		t9788813_c1,		1
t3967_c0,		t2899292_c0,		1
t3967_c0,		t9099666_c0,		1
t3967_c0,		t2090130_c4,		1
t3967_c0,		t7491525_c8,		1
t3967_c0,		t9540451_c0,		1
t3967_c0,		t8285286_c1,		3
t3967_c0,		t3383237_c3,		1
t3967_c0,		t10271693_c3,		1
t3967_c0,		t6198259_c5,		1
t3967_c0,		t1659746_c5,		1
t3967_c0,		t4490020_c1,		1
t3967_c0,		t5498967_c1,		2
t3967_c0,		t10283276_c1,		1
t3967_c0,		t79546_c4,		1
t3967_c0,		t9099666_c2,		1
t3967_c0,		t6769670_c0,		1
t3967_c0,		t10217130_c1,		1
t3967_c0,		t1309567_c0,		1
t3967_c0,		t6209022_c4,		1
t3967_c0,		t7310667_c0,		1
t3967_c0,		t8606921_c4,		1
t3967_c0,		t10060391_c3,		1
t3967_c0,		t1493212_c3,		1
t3967_c0,		t153249_c3,		1
t3967_c0,		t4274292_c3,		1
t3967_c0,		t5552800_c3,		1
t3967_c0,		t7552063_c3,		1
t3967_c0,		t8054442_c3,		1
t3967_c0,		t7557232_c5,		1
t3967_c0,		t1043440_c0,		1
t3967_c0,		t9413315_c2,		1
t3967_c0,		t6359470_c6,		1
t3967_c0,		t5911358_c0,		1
t3967_c0,		t2992888_c2,		1
t3967_c0,		t10012212_c0,		1
t7378_c9,		t2456584_c1,		1
t7378_c9,		t8700709_c2,		6
t7378_c9,		t1276527_c0,		1
t7378_c9,		t5981839_c0,		1
t7378_c9,		t4342260_c0,		1
t7378_c9,		t2899292_c4,		1
t7378_c9,		t7593231_c1,		1
t7378_c9,		t1119059_c0,		1
t7378_c9,		t4854762_c0,		1
t7378_c9,		t6359497_c8,		3
t7378_c9,		t1276527_c1,		1
t7378_c9,		t5981839_c1,		1
t7378_c9,		t5374414_c4,		2
t7378_c9,		t10167605_c2,		1
t7378_c9,		t10086202_c3,		1
t7378_c9,		t2992888_c2,		4
t7378_c9,		t2491403_c1,		1
t7378_c9,		t5135217_c1,		1
t7378_c9,		t8700709_c3,		4
t7378_c9,		t5562157_c0,		2
t7378_c9,		t2992888_c0,		1
t7378_c9,		t4001117_c2,		1
t7378_c9,		t10232042_c0,		1
t7378_c9,		t6977621_c1,		1
t7378_c9,		t8930570_c2,		1
t7378_c9,		t4148378_c2,		1
t7378_c9,		t8775866_c2,		1
t7378_c9,		t2899292_c2,		1
t7378_c9,		t7434640_c2,		1
t7378_c9,		t2612899_c2,		1
t7378_c9,		t5063412_c2,		1
t7378_c9,		t3207665_c2,		1
t7378_c9,		t10258980_c2,		1
t7378_c9,		t4824865_c0,		1
t7378_c9,		t6704953_c0,		1
t7378_c9,		t8614580_c0,		1
t7378_c9,		t3278546_c0,		2
t7378_c9,		t5760189_c0,		1
t7378_c9,		t1001935_c0,		1
t7378_c9,		t9682701_c2,		1
t7378_c9,		t9935516_c0,		1
t7378_c9,		t9624420_c3,		1
t7378_c9,		t6890489_c2,		1
t7378_c9,		t6359497_c3,		1
t7378_c9,		t8930570_c4,		1
t7378_c9,		t2218323_c4,		1
t7378_c9,		t1133209_c0,		1
t7378_c9,		t7258489_c0,		2
t7378_c9,		t5879266_c3,		1
t7378_c9,		t4631622_c0,		1
t7378_c9,		t4490020_c1,		3
t7378_c9,		t10045281_c3,		1
t7378_c9,		t5498967_c1,		2
t7378_c9,		t6711631_c1,		1
t7378_c9,		t6274480_c0,		1
t7378_c9,		t2096776_c0,		1
t7378_c9,		t3287297_c0,		1
t7378_c9,		t3295388_c0,		1
t7378_c9,		t4105424_c0,		1
t7378_c9,		t6261963_c0,		1
t7378_c9,		t10271693_c3,		1
t7378_c9,		t10101950_c1,		1
t7378_c9,		t3423530_c2,		1
t7378_c9,		t532033_c2,		1
t7378_c9,		t8205499_c2,		1
t7378_c9,		t976953_c2,		1
t7378_c9,		t3650688_c2,		1
t7378_c9,		t4180355_c2,		1
t7378_c9,		t1299993_c2,		1
t7378_c9,		t1596045_c2,		1
t7378_c9,		t5878521_c2,		1
t7378_c9,		t9683542_c2,		1
t7378_c9,		t3333417_c2,		1
t7378_c9,		t9740446_c2,		1
t7378_c9,		t4788910_c2,		1
t7378_c9,		t8035289_c2,		1
t7378_c9,		t9633321_c2,		1
t7378_c9,		t4532504_c2,		1
t7378_c9,		t8775866_c4,		2
t7378_c9,		t3553910_c4,		1
t7378_c9,		t6932615_c4,		1
t7378_c9,		t6972549_c0,		1
t7378_c9,		t2612899_c4,		2
t7378_c9,		t9540451_c0,		1
t7378_c9,		t9262857_c5,		1
t7378_c9,		t3747265_c6,		1
t7378_c9,		t5150604_c6,		1
t7378_c9,		t10189703_c6,		1
t7378_c9,		t10302551_c2,		1
t7378_c9,		t1005825_c1,		1
t7378_c9,		t2185975_c1,		1
t7378_c9,		t549379_c1,		1
t7378_c9,		t4542234_c1,		1
t7378_c9,		t8737262_c2,		2
t7378_c9,		t7319715_c2,		2
t7378_c9,		t9205827_c2,		2
t7378_c9,		t4811582_c4,		1
t7378_c9,		t8183565_c4,		1
t7378_c9,		t6198259_c18,		1
t7378_c9,		t20241_c10,		1
t7378_c9,		t10111682_c6,		1
t7378_c9,		t10125703_c6,		1
t7378_c9,		t10268228_c6,		1
t7378_c9,		t7593231_c2,		1
t7378_c9,		t10254257_c6,		1
t7378_c9,		t8285286_c1,		1
t7378_c9,		t5063412_c4,		1
t7378_c9,		t64353_c4,		1
t7378_c9,		t6711631_c2,		2
t7378_c9,		t7973360_c0,		1
t7378_c9,		t9816392_c2,		1
t7378_c9,		t10214881_c6,		1
t7378_c9,		t2185975_c0,		1
t7378_c9,		t549379_c0,		1
t7378_c9,		t1276527_c2,		1
t7378_c9,		t5981839_c2,		1
t7378_c9,		t2022569_c1,		1
t7378_c9,		t1468991_c1,		1
t7378_c9,		t3274228_c1,		1
t7378_c9,		t8715124_c1,		1
t7378_c9,		t3295059_c1,		1
t7378_c9,		t1218059_c1,		1
t7378_c9,		t1388363_c8,		1
t7378_c9,		t7926417_c8,		1
t7378_c9,		t10060391_c7,		1
t7821_c1,		t8868634_c15,		1
t7821_c1,		t4490020_c1,		2
t7821_c1,		t8700709_c2,		6
t7821_c1,		t4139008_c1,		2
t7821_c1,		t2612899_c4,		1
t7821_c1,		t8700709_c3,		11
t7821_c1,		t5407894_c1,		6
t7821_c1,		t5813457_c1,		6
t7821_c1,		t115249_c5,		2
t7821_c1,		t2096776_c0,		2
t7821_c1,		t3287297_c0,		2
t7821_c1,		t3295388_c0,		2
t7821_c1,		t4105424_c0,		2
t7821_c1,		t6261963_c0,		2
t7821_c1,		t10202350_c0,		1
t7821_c1,		t6200326_c0,		1
t7821_c1,		t7441493_c2,		1
t7821_c1,		t2185975_c1,		2
t7821_c1,		t549379_c1,		2
t7821_c1,		t8285286_c1,		1
t7821_c1,		t4729577_c4,		1
t7821_c1,		t10292621_c2,		1
t7821_c1,		t2992888_c2,		3
t7821_c1,		t9097496_c1,		2
t7821_c1,		t9540451_c0,		2
t7821_c1,		t5769411_c3,		1
t7821_c1,		t5777237_c5,		1
t7821_c1,		t4578061_c0,		1
t7821_c1,		t5229366_c0,		1
t7821_c1,		t3678421_c0,		1
t7821_c1,		t3423530_c2,		1
t7821_c1,		t8205499_c2,		1
t7821_c1,		t976953_c2,		1
t7821_c1,		t4180355_c2,		1
t7821_c1,		t1596045_c2,		1
t7821_c1,		t3685616_c2,		1
t7821_c1,		t9740446_c2,		1
t7821_c1,		t4788910_c2,		1
t7821_c1,		t8035289_c2,		1
t7821_c1,		t9633321_c2,		1
t7821_c1,		t7593231_c2,		1
t7821_c1,		t6141171_c0,		1
t7821_c1,		t3278546_c0,		1
t7821_c1,		t4947979_c0,		1
t7821_c1,		t9355764_c7,		1
t7821_c1,		t6769670_c1,		1
t7821_c1,		t2117369_c0,		1
t7821_c1,		t5622593_c0,		1
t7821_c1,		t6769670_c2,		1
t7821_c1,		t6711631_c10,		1
t7821_c1,		t4358853_c1,		1
t7821_c1,		t9203744_c1,		1
t7821_c1,		t10232042_c0,		1
t7821_c1,		t7782498_c0,		1
t7821_c1,		t9624420_c3,		1
t7821_c1,		t3207665_c3,		1
t7821_c1,		t8512291_c0,		1
t7821_c1,		t8775866_c4,		1
t7821_c1,		t4115702_c0,		1
t7821_c1,		t5911358_c0,		1
t7821_c1,		t5640287_c0,		1
t7821_c1,		t10123484_c4,		1
t7821_c1,		t6864563_c2,		1
t7821_c1,		t7262668_c4,		1
t7821_c1,		t4729577_c0,		1
t7821_c1,		t2675666_c0,		1
t7821_c1,		t5498967_c1,		2
t7821_c1,		t6359497_c8,		2
t7821_c1,		t3672929_c2,		1
t7821_c1,		t7600072_c3,		1
t7821_c1,		t6711631_c1,		1
t7821_c1,		t79546_c3,		1
t7821_c1,		t7291330_c0,		1
t7821_c1,		t582563_c0,		2
t7821_c1,		t6359497_c1,		1
t7821_c1,		t6359497_c2,		1
t7821_c1,		t2090130_c4,		1
t7821_c1,		t1085579_c0,		1
t7821_c1,		t7310667_c0,		1
t7821_c1,		t9262857_c5,		1
t7821_c1,		t1276527_c2,		1
t7821_c1,		t5981839_c2,		1
t7821_c1,		t10087234_c4,		1
t8999_c1,		t10038844_c1,		2
t8999_c1,		t6959936_c5,		1
t8999_c1,		t8700709_c2,		2
t8999_c1,		t8614580_c0,		2
t8999_c1,		t10167605_c2,		1
t8999_c1,		t8737262_c4,		1
t8999_c1,		t7319715_c4,		1
t8999_c1,		t9205827_c4,		1
t8999_c1,		t6923471_c4,		1
t8999_c1,		t582563_c0,		1
t8999_c1,		t2448018_c0,		1
t8999_c1,		t2448018_c1,		1
t8999_c1,		t3127133_c1,		1
t8999_c1,		t7600072_c1,		1
t8999_c1,		t6359497_c8,		1
t8999_c1,		t10064580_c1,		13
t8999_c1,		t8700709_c3,		1
t8999_c1,		t1119059_c0,		2
t8999_c1,		t6711631_c2,		1
t8999_c1,		t6890489_c2,		1
t8999_c1,		t9816392_c0,		1
t8999_c1,		t4051356_c3,		1
t8999_c1,		t2648922_c2,		1
t8999_c1,		t10188143_c1,		1
t8999_c1,		t10197692_c1,		3
t8999_c1,		t10198574_c1,		1
t8999_c1,		t10240354_c2,		1
t8999_c1,		t10249113_c1,		6
t8999_c1,		t8370264_c1,		2
t8999_c1,		t8737262_c2,		1
t8999_c1,		t7319715_c2,		1
t8999_c1,		t9205827_c2,		1
t8999_c1,		t6711631_c10,		1
t8999_c1,		t3952433_c1,		1
t8999_c1,		t9626868_c1,		1
t8999_c1,		t102817_c1,		1
t8999_c1,		t1388363_c0,		1
t8999_c1,		t7926417_c0,		1
t8999_c1,		t6711631_c0,		1
t8999_c1,		t6711631_c1,		1
t8999_c1,		t3553910_c4,		1
t8999_c1,		t6932615_c4,		1
t8999_c1,		t8008840_c0,		1
t9136_c4,		t1388363_c3,		1
t9136_c4,		t3747265_c0,		53
t9136_c4,		t3747265_c2,		2
t9136_c4,		t3747265_c7,		1
t9136_c4,		t6198259_c0,		30
t9136_c4,		t6198259_c1,		30
t9136_c4,		t6198259_c2,		3
t9136_c4,		t6198259_c3,		1
t9136_c4,		t6198259_c10,		1
t9136_c4,		t6198259_c12,		1
t9136_c4,		t6198259_c13,		1
t9136_c4,		t6198259_c14,		1
t9136_c4,		t6540757_c0,		24
t9136_c4,		t7566773_c3,		1
t9136_c4,		t7566773_c4,		15
t9136_c4,		t7566773_c5,		2
t9136_c4,		t7600072_c0,		53
t9136_c4,		t7829686_c0,		24
t9136_c4,		t7926417_c3,		1
t9136_c4,		t8240457_c4,		13
t9136_c4,		t8240457_c5,		17
t9136_c4,		t8240457_c6,		7
t9136_c4,		t8240457_c7,		7
t9136_c4,		t8240457_c8,		4
t9136_c4,		t8240457_c9,		1
t9136_c4,		t8240457_c10,		1
t9136_c4,		t8240457_c11,		6
t9136_c4,		t8240457_c12,		4
t9136_c4,		t8240457_c13,		9
t9136_c4,		t8240457_c14,		3
t9136_c4,		t8240457_c15,		2
t9136_c4,		t8240457_c16,		1
t9136_c4,		t8240457_c17,		1
t9136_c4,		t8240457_c18,		2
t9136_c4,		t8529725_c0,		24
t9136_c4,		t8614580_c1,		16
t9136_c4,		t9024743_c0,		24
t9136_c4,		t9624420_c1,		1
t9136_c4,		t1413392_c0,		10
t9136_c4,		t1413392_c1,		10
t9136_c4,		t1413392_c7,		1
t9136_c4,		t2675666_c2,		4
t9136_c4,		t2675666_c3,		1
t9136_c4,		t4578061_c3,		3
t9136_c4,		t4578061_c4,		7
t9136_c4,		t4978186_c7,		30
t9136_c4,		t6000396_c0,		23
t9136_c4,		t6000396_c7,		1
t9136_c4,		t6000396_c8,		1
t9136_c4,		t6000396_c9,		1
t9136_c4,		t6662186_c0,		86
t9136_c4,		t6959936_c2,		1
t9136_c4,		t8714955_c2,		4
t9136_c4,		t8714955_c3,		1
t9136_c4,		t1797446_c0,		3
t9136_c4,		t353267_c0,		3
t9136_c4,		t37265_c1,		13
t9136_c4,		t37265_c2,		8
t9136_c4,		t37265_c4,		3
t9136_c4,		t37265_c6,		12
t9136_c4,		t37265_c8,		11
t9136_c4,		t5150604_c0,		53
t9136_c4,		t5150604_c2,		2
t9136_c4,		t5150604_c7,		1
t9136_c4,		t9297861_c1,		99
t9136_c4,		t1963300_c0,		10
t9136_c4,		t1963300_c1,		10
t9136_c4,		t1963300_c7,		1
t9136_c4,		t2990386_c0,		14
t9136_c4,		t3511945_c0,		3
t9136_c4,		t4631622_c1,		1
t9136_c4,		t5040064_c1,		1
t9136_c4,		t5040064_c2,		1
t9136_c4,		t5040064_c3,		1
t9136_c4,		t5040064_c4,		20
t9136_c4,		t5040064_c5,		6
t9136_c4,		t5040064_c7,		15
t9136_c4,		t5040064_c9,		2
t9136_c4,		t5040064_c10,		2
t9136_c4,		t5225064_c0,		22
t9136_c4,		t5225064_c1,		18
t9136_c4,		t5225064_c5,		23
t9136_c4,		t5225064_c6,		29
t9136_c4,		t5769411_c0,		7
t9136_c4,		t5769411_c1,		3
t9136_c4,		t5769411_c2,		30
t9136_c4,		t5769411_c4,		4
t9136_c4,		t6322312_c5,		10
t9136_c4,		t8198731_c0,		14
t9136_c4,		t8458946_c0,		72
t9136_c4,		t9626868_c2,		82
t9136_c4,		t1343270_c0,		55
t9136_c4,		t1343270_c2,		3
t9136_c4,		t1343270_c3,		35
t9136_c4,		t1357933_c0,		57
t9136_c4,		t2059772_c0,		9
t9136_c4,		t2059772_c1,		9
t9136_c4,		t2059772_c7,		1
t9136_c4,		t2326036_c0,		86
t9136_c4,		t2648922_c0,		99
t9136_c4,		t2913449_c0,		55
t9136_c4,		t2913449_c2,		3
t9136_c4,		t2913449_c3,		35
t9136_c4,		t3082081_c4,		3
t9136_c4,		t4542234_c0,		1
t9136_c4,		t4947979_c3,		15
t9136_c4,		t5011423_c3,		1
t9136_c4,		t5594662_c0,		55
t9136_c4,		t5594662_c2,		3
t9136_c4,		t5594662_c3,		35
t9136_c4,		t5756420_c0,		33
t9136_c4,		t5756420_c6,		27
t9136_c4,		t6191990_c2,		5
t9136_c4,		t6854438_c5,		16
t9136_c4,		t6854438_c6,		8
t9136_c4,		t6854438_c7,		11
t9136_c4,		t6854438_c8,		3
t9136_c4,		t6854438_c9,		1
t9136_c4,		t6854438_c10,		2
t9136_c4,		t6854438_c11,		6
t9136_c4,		t6854438_c12,		5
t9136_c4,		t6854438_c13,		8
t9136_c4,		t6854438_c14,		3
t9136_c4,		t6854438_c15,		1
t9136_c4,		t6854438_c16,		1
t9136_c4,		t6854438_c17,		1
t9136_c4,		t6854438_c18,		2
t9136_c4,		t8185707_c0,		3
t9136_c4,		t9394955_c0,		3
t9136_c4,		t6359497_c1,		17
t9136_c4,		t6359497_c2,		11
t9136_c4,		t5874053_c0,		24
t9136_c4,		t5874053_c1,		24
t9136_c4,		t5874053_c7,		2
t9136_c4,		t5874053_c8,		1
t9136_c4,		t6471012_c5,		24
t9136_c4,		t7154198_c0,		9
t9136_c4,		t7154198_c1,		9
t9136_c4,		t7154198_c7,		1
t9136_c4,		t8506527_c3,		15
t9136_c4,		t8606921_c0,		5
t9136_c4,		t8951244_c1,		4
t9136_c4,		t9876430_c0,		9
t9136_c4,		t1043440_c3,		3
t9136_c4,		t1120803_c0,		51
t9136_c4,		t2445617_c2,		1
t9136_c4,		t2445617_c3,		1
t9136_c4,		t2445617_c5,		5
t9136_c4,		t2445617_c6,		2
t9136_c4,		t2445617_c7,		1
t9136_c4,		t2445617_c8,		1
t9136_c4,		t2445617_c10,		10
t9136_c4,		t2445617_c11,		7
t9136_c4,		t2445617_c12,		5
t9136_c4,		t2445617_c13,		2
t9136_c4,		t2445617_c14,		4
t9136_c4,		t2445617_c15,		8
t9136_c4,		t2584037_c0,		9
t9136_c4,		t2584037_c1,		9
t9136_c4,		t2584037_c7,		1
t9136_c4,		t3134199_c4,		3
t9136_c4,		t9721701_c0,		3
t9136_c4,		t1021991_c10,		14
t9136_c4,		t219732_c4,		3
t9136_c4,		t219732_c5,		6
t9136_c4,		t4490020_c0,		1
t9136_c4,		t5622593_c2,		7
t9136_c4,		t6359470_c1,		1
t9136_c4,		t7911700_c0,		61
t9136_c4,		t8030692_c10,		14
t9136_c4,		t8116718_c0,		3
t9136_c4,		t8996760_c9,		1
t9136_c4,		t8996760_c10,		1
t9136_c4,		t9743762_c4,		3
t9136_c4,		t10225728_c4,		1
t9136_c4,		t1611181_c4,		1
t9136_c4,		t5347633_c3,		15
t9136_c4,		t6977621_c5,		3
t9136_c4,		t7749676_c2,		5
t9136_c4,		t7749676_c3,		9
t9136_c4,		t7749676_c4,		4
t9136_c4,		t7749676_c5,		4
t9136_c4,		t7749676_c6,		12
t9136_c4,		t7749676_c7,		1
t9136_c4,		t7749676_c8,		6
t9136_c4,		t7749676_c9,		12
t9136_c4,		t7749676_c12,		5
t9136_c4,		t7749676_c13,		10
t9136_c4,		t7749676_c14,		5
t9136_c4,		t7749676_c15,		7
t9136_c4,		t7749676_c16,		3
t9136_c4,		t8405041_c0,		5
t9136_c4,		t8405041_c3,		1
t9136_c4,		t8405041_c7,		4
t9136_c4,		t8405041_c8,		6
t9136_c4,		t8405041_c9,		5
t9136_c4,		t8405041_c10,		2
t9136_c4,		t8405041_c11,		2
t9136_c4,		t8405041_c12,		5
t9136_c4,		t8405041_c13,		1
t9136_c4,		t8405041_c14,		6
t9136_c4,		t8405041_c19,		2
t9136_c4,		t8405041_c20,		4
t9136_c4,		t8405041_c23,		3
t9136_c4,		t8405041_c24,		3
t9136_c4,		t8405041_c25,		3
t9136_c4,		t8405041_c27,		6
t9136_c4,		t8405041_c28,		1
t9136_c4,		t8405041_c30,		6
t9136_c4,		t9097496_c2,		4
t9136_c4,		t9097496_c3,		1
t9136_c4,		t9357242_c0,		22
t9136_c4,		t1928103_c4,		3
t9136_c4,		t2491403_c2,		32
t9136_c4,		t2491403_c4,		16
t9136_c4,		t4914166_c0,		39
t9136_c4,		t5135217_c2,		32
t9136_c4,		t5135217_c4,		16
t9136_c4,		t6156474_c4,		3
t9136_c4,		t715296_c0,		86
t9136_c4,		t7661_c4,		3
t9136_c4,		t7802369_c0,		14
t9136_c4,		t7802369_c4,		6
t9136_c4,		t7802369_c5,		6
t9136_c4,		t7802369_c6,		6
t9136_c4,		t7802369_c7,		6
t9136_c4,		t7802369_c8,		6
t9136_c4,		t7802369_c9,		6
t9136_c4,		t7802369_c10,		6
t9136_c4,		t7802369_c11,		6
t9136_c4,		t7802369_c12,		6
t9136_c4,		t7802369_c13,		6
t9136_c4,		t7802369_c14,		11
t9136_c4,		t8421351_c0,		23
t9136_c4,		t8421351_c6,		8
t9136_c4,		t8516841_c0,		10
t9136_c4,		t8516841_c1,		10
t9136_c4,		t8516841_c7,		1
t9136_c4,		t8739005_c0,		39
t9136_c4,		t9413315_c0,		65
t9136_c4,		t10000129_c3,		1
t9136_c4,		t10000129_c5,		1
t9136_c4,		t10005311_c5,		1
t9136_c4,		t10006268_c0,		2
t9136_c4,		t10006521_c4,		7
t9136_c4,		t10007511_c5,		1
t9136_c4,		t10007511_c6,		1
t9136_c4,		t10007511_c7,		1
t9136_c4,		t10009948_c2,		1
t9136_c4,		t10009948_c3,		1
t9136_c4,		t10009948_c4,		1
t9136_c4,		t10009948_c5,		1
t9136_c4,		t10009948_c7,		1
t9136_c4,		t10009948_c8,		1
t9136_c4,		t10009948_c9,		1
t9136_c4,		t10009948_c15,		1
t9136_c4,		t10010943_c0,		2
t9136_c4,		t10010943_c2,		1
t9136_c4,		t10011250_c3,		2
t9136_c4,		t10011464_c0,		1
t9136_c4,		t10012180_c0,		2
t9136_c4,		t10013798_c3,		1
t9136_c4,		t10015756_c8,		1
t9136_c4,		t10019678_c0,		1
t9136_c4,		t10019678_c2,		2
t9136_c4,		t10019678_c5,		1
t9136_c4,		t10022373_c7,		1
t9136_c4,		t10022373_c8,		1
t9136_c4,		t10022373_c9,		1
t9136_c4,		t10024664_c1,		1
t9136_c4,		t10027214_c1,		1
t9136_c4,		t10027950_c0,		2
t9136_c4,		t10028634_c5,		1
t9136_c4,		t10028634_c6,		1
t9136_c4,		t10035605_c2,		1
t9136_c4,		t10035605_c3,		1
t9136_c4,		t10035605_c4,		1
t9136_c4,		t10035605_c5,		1
t9136_c4,		t10035605_c7,		1
t9136_c4,		t10035605_c8,		1
t9136_c4,		t10035605_c9,		1
t9136_c4,		t10035605_c10,		1
t9136_c4,		t10035605_c13,		1
t9136_c4,		t10035605_c14,		1
t9136_c4,		t10035605_c16,		1
t9136_c4,		t10035605_c18,		1
t9136_c4,		t10035605_c19,		1
t9136_c4,		t10035605_c20,		1
t9136_c4,		t10040886_c0,		1
t9136_c4,		t10043467_c4,		1
t9136_c4,		t10043467_c6,		1
t9136_c4,		t10043467_c8,		1
t9136_c4,		t10043467_c9,		2
t9136_c4,		t10043467_c10,		1
t9136_c4,		t10043467_c11,		1
t9136_c4,		t10043467_c13,		1
t9136_c4,		t10043467_c15,		1
t9136_c4,		t10043467_c16,		1
t9136_c4,		t10045688_c5,		1
t9136_c4,		t10046330_c5,		3
t9136_c4,		t10048181_c3,		1
t9136_c4,		t10050583_c3,		1
t9136_c4,		t10051182_c3,		1
t9136_c4,		t10053813_c6,		2
t9136_c4,		t10053813_c7,		2
t9136_c4,		t10055558_c1,		2
t9136_c4,		t10055558_c2,		3
t9136_c4,		t10055558_c4,		2
t9136_c4,		t10056020_c0,		1
t9136_c4,		t10057299_c0,		4
t9136_c4,		t10057299_c2,		1
t9136_c4,		t10057299_c3,		1
t9136_c4,		t10057299_c4,		1
t9136_c4,		t10057299_c6,		1
t9136_c4,		t10057299_c9,		1
t9136_c4,		t10057299_c10,		1
t9136_c4,		t10057299_c12,		1
t9136_c4,		t1005825_c2,		1
t9136_c4,		t1005825_c3,		1
t9136_c4,		t1005825_c5,		1
t9136_c4,		t1005825_c7,		1
t9136_c4,		t1005825_c8,		1
t9136_c4,		t1005825_c15,		1
t9136_c4,		t1005825_c16,		1
t9136_c4,		t10064461_c0,		2
t9136_c4,		t10069176_c1,		1
t9136_c4,		t10069176_c3,		1
t9136_c4,		t10069176_c7,		2
t9136_c4,		t10069496_c3,		1
t9136_c4,		t10069496_c4,		1
t9136_c4,		t10069496_c5,		1
t9136_c4,		t10069496_c6,		1
t9136_c4,		t10069496_c9,		1
t9136_c4,		t10069496_c11,		1
t9136_c4,		t10069794_c0,		2
t9136_c4,		t10073062_c2,		1
t9136_c4,		t10073062_c3,		4
t9136_c4,		t10073062_c6,		1
t9136_c4,		t10073175_c0,		2
t9136_c4,		t1008136_c0,		2
t9136_c4,		t1008136_c2,		1
t9136_c4,		t10083626_c1,		1
t9136_c4,		t10083626_c3,		3
t9136_c4,		t10083626_c5,		2
t9136_c4,		t10086691_c4,		1
t9136_c4,		t10086691_c5,		1
t9136_c4,		t10094310_c2,		1
t9136_c4,		t10099126_c0,		1
t9136_c4,		t10099605_c8,		1
t9136_c4,		t10099605_c9,		1
t9136_c4,		t10099605_c10,		1
t9136_c4,		t10099605_c12,		1
t9136_c4,		t1010140_c4,		3
t9136_c4,		t1010140_c5,		1
t9136_c4,		t1010140_c6,		2
t9136_c4,		t10102113_c10,		1
t9136_c4,		t10105575_c1,		1
t9136_c4,		t10105716_c4,		7
t9136_c4,		t10110142_c3,		1
t9136_c4,		t10110599_c5,		1
t9136_c4,		t1011203_c0,		1
t9136_c4,		t101143_c0,		2
t9136_c4,		t10122283_c4,		1
t9136_c4,		t10129417_c0,		2
t9136_c4,		t10129981_c4,		3
t9136_c4,		t10135362_c5,		2
t9136_c4,		t10135362_c6,		2
t9136_c4,		t10135362_c7,		2
t9136_c4,		t10135362_c9,		2
t9136_c4,		t10135865_c0,		3
t9136_c4,		t1013844_c5,		1
t9136_c4,		t1013844_c8,		1
t9136_c4,		t1013844_c10,		1
t9136_c4,		t10138978_c2,		3
t9136_c4,		t10151197_c2,		1
t9136_c4,		t10151197_c3,		1
t9136_c4,		t10151197_c5,		1
t9136_c4,		t10151197_c7,		1
t9136_c4,		t10151197_c8,		1
t9136_c4,		t10151197_c15,		1
t9136_c4,		t10151197_c16,		1
t9136_c4,		t10154905_c3,		1
t9136_c4,		t10154905_c4,		1
t9136_c4,		t10154905_c5,		1
t9136_c4,		t10157121_c1,		1
t9136_c4,		t10157121_c2,		1
t9136_c4,		t10157121_c5,		1
t9136_c4,		t10157121_c15,		2
t9136_c4,		t10157121_c16,		1
t9136_c4,		t10157121_c17,		1
t9136_c4,		t10166521_c4,		1
t9136_c4,		t10166521_c5,		1
t9136_c4,		t10166968_c0,		1
t9136_c4,		t10172997_c10,		1
t9136_c4,		t10177960_c0,		2
t9136_c4,		t10178239_c3,		1
t9136_c4,		t10178239_c4,		2
t9136_c4,		t10178239_c5,		1
t9136_c4,		t10178239_c6,		1
t9136_c4,		t10184291_c6,		2
t9136_c4,		t10184343_c2,		1
t9136_c4,		t10186827_c4,		2
t9136_c4,		t10186827_c5,		1
t9136_c4,		t10186827_c6,		1
t9136_c4,		t10189703_c0,		3
t9136_c4,		t10195624_c3,		1
t9136_c4,		t10195624_c5,		1
t9136_c4,		t10195624_c6,		1
t9136_c4,		t10197560_c3,		2
t9136_c4,		t10197560_c4,		1
t9136_c4,		t10198574_c0,		1
t9136_c4,		t10198721_c3,		1
t9136_c4,		t10198721_c4,		1
t9136_c4,		t10198721_c5,		1
t9136_c4,		t10198721_c8,		1
t9136_c4,		t10198721_c9,		1
t9136_c4,		t10198721_c10,		1
t9136_c4,		t10198721_c12,		1
t9136_c4,		t10198721_c14,		1
t9136_c4,		t10202350_c1,		1
t9136_c4,		t10203119_c10,		1
t9136_c4,		t10203119_c13,		1
t9136_c4,		t1020821_c1,		4
t9136_c4,		t10209022_c3,		1
t9136_c4,		t10209022_c4,		1
t9136_c4,		t10209022_c5,		1
t9136_c4,		t10209022_c8,		1
t9136_c4,		t10209022_c9,		1
t9136_c4,		t10209022_c10,		1
t9136_c4,		t10209022_c12,		1
t9136_c4,		t10209022_c14,		1
t9136_c4,		t10209869_c0,		2
t9136_c4,		t10213362_c8,		1
t9136_c4,		t10213362_c9,		1
t9136_c4,		t10213362_c10,		1
t9136_c4,		t10213362_c11,		1
t9136_c4,		t10213362_c12,		1
t9136_c4,		t10217471_c1,		1
t9136_c4,		t10217471_c2,		1
t9136_c4,		t10217471_c8,		1
t9136_c4,		t10217799_c0,		2
t9136_c4,		t10225422_c2,		1
t9136_c4,		t10225422_c3,		1
t9136_c4,		t10225422_c5,		1
t9136_c4,		t10225422_c8,		1
t9136_c4,		t10225422_c15,		1
t9136_c4,		t10229053_c2,		1
t9136_c4,		t10229053_c4,		1
t9136_c4,		t10229053_c10,		1
t9136_c4,		t10229053_c12,		1
t9136_c4,		t10236630_c4,		1
t9136_c4,		t10236630_c5,		2
t9136_c4,		t10236630_c7,		1
t9136_c4,		t10236630_c10,		1
t9136_c4,		t10238561_c2,		1
t9136_c4,		t10240103_c3,		1
t9136_c4,		t10240103_c4,		3
t9136_c4,		t10240103_c5,		2
t9136_c4,		t10240103_c7,		1
t9136_c4,		t10240103_c8,		1
t9136_c4,		t10240710_c0,		2
t9136_c4,		t10240710_c3,		1
t9136_c4,		t10240710_c4,		1
t9136_c4,		t10240710_c5,		1
t9136_c4,		t10241564_c3,		1
t9136_c4,		t10253959_c4,		7
t9136_c4,		t10254095_c0,		2
t9136_c4,		t10254095_c2,		1
t9136_c4,		t10255653_c1,		3
t9136_c4,		t10256044_c0,		3
t9136_c4,		t10268805_c0,		2
t9136_c4,		t10271080_c4,		1
t9136_c4,		t10271080_c5,		1
t9136_c4,		t10271080_c6,		1
t9136_c4,		t10271080_c9,		1
t9136_c4,		t10271080_c11,		1
t9136_c4,		t10271080_c12,		1
t9136_c4,		t10274320_c0,		1
t9136_c4,		t10275857_c3,		1
t9136_c4,		t10275857_c5,		1
t9136_c4,		t10279155_c0,		3
t9136_c4,		t10283771_c3,		1
t9136_c4,		t10283771_c11,		1
t9136_c4,		t10284414_c0,		2
t9136_c4,		t10285489_c6,		1
t9136_c4,		t10285489_c8,		1
t9136_c4,		t10285489_c9,		1
t9136_c4,		t10285489_c12,		1
t9136_c4,		t10291557_c2,		1
t9136_c4,		t10291557_c3,		1
t9136_c4,		t10291557_c4,		1
t9136_c4,		t10291557_c5,		1
t9136_c4,		t10291557_c6,		1
t9136_c4,		t10291557_c12,		1
t9136_c4,		t10291557_c13,		1
t9136_c4,		t10291686_c10,		1
t9136_c4,		t10291686_c13,		1
t9136_c4,		t10292621_c0,		3
t9136_c4,		t10300062_c3,		1
t9136_c4,		t10300062_c4,		1
t9136_c4,		t10300062_c5,		1
t9136_c4,		t10300062_c8,		1
t9136_c4,		t10300062_c9,		1
t9136_c4,		t10300062_c10,		1
t9136_c4,		t10300062_c12,		1
t9136_c4,		t10300062_c14,		1
t9136_c4,		t1030205_c3,		1
t9136_c4,		t1030205_c4,		1
t9136_c4,		t1030205_c5,		1
t9136_c4,		t1030205_c12,		1
t9136_c4,		t3127133_c2,		6
t9136_c4,		t7629341_c2,		9
t9136_c4,		t1413392_c20,		10
t9136_c4,		t1963300_c20,		5
t9136_c4,		t2059772_c20,		9
t9136_c4,		t2648922_c1,		12
t9136_c4,		t4947979_c4,		29
t9136_c4,		t6854438_c4,		12
t9136_c4,		t5410705_c5,		28
t9136_c4,		t7154198_c19,		10
t9136_c4,		t7154198_c20,		9
t9136_c4,		t8606921_c5,		45
t9136_c4,		t8606921_c6,		20
t9136_c4,		t8606921_c7,		18
t9136_c4,		t8606921_c8,		19
t9136_c4,		t8606921_c9,		17
t9136_c4,		t8606921_c10,		18
t9136_c4,		t9876430_c9,		8
t9136_c4,		t2584037_c20,		9
t9136_c4,		t4917262_c0,		22
t9136_c4,		t9743762_c5,		5
t9136_c4,		t10225728_c6,		22
t9136_c4,		t7491525_c1,		39
t9136_c4,		t8516841_c19,		13
t9136_c4,		t8516841_c20,		5
t9136_c4,		t10021036_c1,		3
t9136_c4,		t10111682_c1,		5
t9136_c4,		t10122283_c7,		3
t9136_c4,		t10122283_c8,		1
t9136_c4,		t10125703_c1,		5
t9136_c4,		t10268228_c1,		5
t9136_c4,		t1413392_c19,		12
t9136_c4,		t539876_c4,		13
t9136_c4,		t4420155_c3,		9
t9136_c4,		t2059772_c19,		6
t9136_c4,		t8506527_c4,		25
t9136_c4,		t1120803_c3,		19
t9136_c4,		t1828015_c1,		9
t9136_c4,		t5347633_c4,		29
t9136_c4,		t7593231_c0,		45
t9136_c4,		t3452737_c0,		6
t9136_c4,		t1963300_c19,		8
t9136_c4,		t1043440_c4,		16
t9136_c4,		t1021991_c6,		6
t9136_c4,		t8030692_c6,		6
t9136_c4,		t1611181_c5,		9
t9136_c4,		t7491525_c5,		32
t9136_c4,		t4914166_c2,		25
t9136_c4,		t6156474_c5,		12
t9136_c4,		t8739005_c2,		25
t9136_c4,		t10051182_c7,		3
t9136_c4,		t10095654_c6,		2
t9136_c4,		t2990386_c6,		14
t9136_c4,		t5225064_c4,		28
t9136_c4,		t6322312_c8,		9
t9136_c4,		t9876430_c13,		7
t9136_c4,		t7749676_c17,		7
t9136_c4,		t10121985_c3,		1
t9136_c4,		t10133573_c1,		3
t9136_c4,		t10240710_c7,		3
t9136_c4,		t10285349_c3,		2
t9136_c4,		t8198731_c6,		14
t9136_c4,		t10225728_c5,		13
t9136_c4,		t4914166_c3,		23
t9136_c4,		t8739005_c3,		23
t9136_c4,		t10087234_c3,		3
t9136_c4,		t10184343_c3,		3
t9136_c4,		t1388363_c8,		13
t9136_c4,		t7926417_c8,		13
t9136_c4,		t8193114_c0,		13
t9136_c4,		t2584037_c19,		11
t9136_c4,		t10236630_c6,		2
t9136_c4,		t10284414_c2,		4
t9136_c4,		t6890489_c0,		6
t9136_c4,		t7749676_c10,		3
t9136_c4,		t10207037_c2,		3
t9136_c4,		t8868634_c15,		1
t9136_c4,		t10050639_c0,		4
t9136_c4,		t9876430_c11,		7
t9136_c4,		t9876430_c12,		13
t9136_c4,		t8405041_c29,		1
t9136_c4,		t10033560_c1,		8
t9136_c4,		t10268805_c3,		2
t9136_c4,		t1388363_c11,		6
t9136_c4,		t3747265_c8,		5
t9136_c4,		t6540757_c4,		1
t9136_c4,		t7829686_c4,		1
t9136_c4,		t7926417_c11,		6
t9136_c4,		t8529725_c4,		1
t9136_c4,		t9024743_c4,		1
t9136_c4,		t1659746_c4,		1
t9136_c4,		t8198731_c8,		1
t9136_c4,		t8198731_c12,		3
t9136_c4,		t4947979_c1,		19
t9136_c4,		t5874053_c9,		1
t9136_c4,		t8506527_c1,		19
t9136_c4,		t5517316_c0,		2
t9136_c4,		t6359470_c4,		2
t9136_c4,		t6359470_c5,		2
t9136_c4,		t10225728_c2,		4
t9136_c4,		t10225728_c3,		7
t9136_c4,		t5347633_c1,		18
t9136_c4,		t5498967_c0,		1
t9136_c4,		t2090130_c0,		9
t9136_c4,		t10006521_c5,		2
t9136_c4,		t10007292_c4,		1
t9136_c4,		t10011250_c1,		2
t9136_c4,		t10015756_c0,		1
t9136_c4,		t10024664_c2,		1
t9136_c4,		t10024664_c3,		1
t9136_c4,		t10024664_c4,		2
t9136_c4,		t10028634_c2,		1
t9136_c4,		t10030536_c1,		4
t9136_c4,		t10042651_c2,		3
t9136_c4,		t10042651_c3,		2
t9136_c4,		t10043467_c7,		1
t9136_c4,		t10047406_c4,		1
t9136_c4,		t10048181_c1,		1
t9136_c4,		t10048181_c2,		1
t9136_c4,		t10050583_c1,		1
t9136_c4,		t10050583_c2,		3
t9136_c4,		t10051182_c5,		2
t9136_c4,		t10056655_c3,		1
t9136_c4,		t1005825_c4,		1
t9136_c4,		t10073774_c4,		1
t9136_c4,		t10101950_c0,		7
t9136_c4,		t10102113_c12,		1
t9136_c4,		t10105716_c5,		2
t9136_c4,		t10108445_c5,		1
t9136_c4,		t10147375_c2,		1
t9136_c4,		t10151197_c4,		1
t9136_c4,		t10157121_c10,		1
t9136_c4,		t101723_c3,		1
t9136_c4,		t10173950_c5,		2
t9136_c4,		t10188143_c0,		1
t9136_c4,		t10195624_c4,		1
t9136_c4,		t10198233_c2,		2
t9136_c4,		t10225422_c4,		1
t9136_c4,		t10241564_c5,		1
t9136_c4,		t10241564_c6,		1
t9136_c4,		t10253959_c5,		2
t9136_c4,		t10256839_c3,		3
t9136_c4,		t10262590_c2,		2
t9136_c4,		t10262590_c3,		2
t9136_c4,		t10271755_c2,		1
t9136_c4,		t10271755_c3,		1
t9136_c4,		t10281462_c1,		3
t9136_c4,		t3082081_c5,		13
t9136_c4,		t10015756_c12,		1
t9136_c4,		t10045281_c1,		8
t9136_c4,		t10271755_c1,		9
t9136_c4,		t6349752_c4,		23
t9136_c4,		t10019678_c17,		1
t9136_c4,		t10238675_c7,		1
t9136_c4,		t10077552_c5,		7
t9136_c4,		t7749676_c11,		3
t9136_c4,		t10122283_c9,		2
t9136_c4,		t4047698_c20,		1
t9136_c4,		t9161821_c20,		1
t9136_c4,		t10015756_c15,		2
t9136_c4,		t10069176_c4,		3
t9136_c4,		t10129417_c4,		8
t9136_c4,		t9355764_c1,		4
t9136_c4,		t10220815_c4,		9
t9136_c4,		t8198731_c5,		14
t9136_c4,		t3134199_c5,		9
t9136_c4,		t4047698_c23,		2
t9136_c4,		t9161821_c23,		1
t9136_c4,		t10028634_c4,		2
t9136_c4,		t10072058_c5,		7
t9136_c4,		t10281900_c3,		1
t9136_c4,		t10052519_c1,		1
t9136_c4,		t10052519_c4,		2
t9136_c4,		t1928103_c5,		4
t9136_c4,		t10073175_c5,		6
t9136_c4,		t1008136_c3,		4
t9136_c4,		t10268805_c4,		1
t9136_c4,		t7802369_c1,		20
t9136_c4,		t10047406_c3,		4
t9136_c4,		t1611181_c6,		3
t9136_c4,		t10022373_c4,		4
t9136_c4,		t9671222_c1,		2
t9136_c4,		t9876430_c8,		8
t9136_c4,		t10294572_c4,		2
t9136_c4,		t9876430_c10,		8
t9136_c4,		t8868634_c10,		1
t9136_c4,		t4047698_c6,		1
t9136_c4,		t4047698_c8,		4
t9136_c4,		t9161821_c8,		4
t9136_c4,		t5150604_c8,		4
t9136_c4,		t1828015_c6,		1
t9136_c4,		t1828015_c14,		2
t9136_c4,		t561518_c2,		9
t9136_c4,		t9413315_c4,		5
t9136_c4,		t10008760_c6,		1
t9136_c4,		t10048181_c4,		1
t9136_c4,		t10050583_c4,		3
t9136_c4,		t10073175_c3,		2
t9136_c4,		t10102113_c1,		1
t9136_c4,		t10102113_c14,		2
t9136_c4,		t10108445_c7,		1
t9136_c4,		t10111682_c2,		1
t9136_c4,		t10125703_c2,		1
t9136_c4,		t10157121_c9,		1
t9136_c4,		t10157121_c14,		1
t9136_c4,		t10172997_c12,		1
t9136_c4,		t10173950_c3,		1
t9136_c4,		t10197560_c1,		1
t9136_c4,		t10197560_c2,		2
t9136_c4,		t10198574_c3,		1
t9136_c4,		t10236630_c2,		1
t9136_c4,		t10268228_c2,		1
t9136_c4,		t4947979_c2,		6
t9136_c4,		t5347633_c2,		4
t9136_c4,		t10297770_c4,		8
t9136_c4,		t7661_c5,		6
t9136_c4,		t10047406_c2,		2
t9136_c4,		t9161821_c6,		2
t9136_c4,		t10015918_c2,		5
t9136_c4,		t10018935_c0,		3
t9136_c4,		t10107556_c0,		4
t9136_c4,		t10015756_c11,		1
t9136_c4,		t10129981_c3,		6
t9136_c4,		t10211845_c8,		2
t9136_c4,		t8506527_c2,		5
t9136_c4,		t10007292_c6,		2
t9136_c4,		t10028634_c1,		1
t9136_c4,		t10056655_c4,		3
t9136_c4,		t10073774_c6,		2
t9136_c4,		t10080826_c3,		1
t9136_c4,		t10240103_c2,		1
t9136_c4,		t10271080_c3,		1
t9136_c4,		t10056655_c1,		4
t9136_c4,		t9876430_c6,		10
t9136_c4,		t10102113_c4,		1
t9136_c4,		t9355764_c2,		1
t9136_c4,		t10007292_c5,		2
t9136_c4,		t10043467_c14,		1
t9136_c4,		t10056655_c5,		1
t9136_c4,		t10073774_c5,		2
t9136_c4,		t10102113_c15,		1
t9136_c4,		t10111682_c3,		1
t9136_c4,		t10111682_c5,		1
t9136_c4,		t10122283_c1,		2
t9136_c4,		t10125703_c3,		1
t9136_c4,		t10125703_c5,		1
t9136_c4,		t10165556_c2,		1
t9136_c4,		t10195624_c1,		1
t9136_c4,		t10238561_c3,		2
t9136_c4,		t10268228_c3,		1
t9136_c4,		t10268228_c5,		1
t9136_c4,		t10269154_c3,		3
t9136_c4,		t10274752_c1,		2
t9136_c4,		t10275857_c4,		2
t9136_c4,		t9161821_c22,		2
t9136_c4,		t10165129_c5,		1
t9136_c4,		t4047698_c22,		1
t9136_c4,		t9671222_c2,		1
t9136_c4,		t7491525_c3,		3
t9136_c4,		t8868634_c17,		1
t9136_c4,		t10207037_c3,		3
t9136_c4,		t10274752_c3,		1
t9136_c4,		t5225064_c3,		6
t9136_c4,		t8996760_c12,		3
t9136_c4,		t10022373_c6,		1
t9136_c4,		t10050639_c3,		1
t9136_c4,		t10072058_c9,		1
t9136_c4,		t10073062_c1,		2
t9136_c4,		t10127294_c1,		2
t9136_c4,		t10145369_c3,		2
t9136_c4,		t10203119_c16,		1
t9136_c4,		t10207037_c1,		4
t9136_c4,		t10291686_c16,		1
t9136_c4,		t10252090_c7,		1
t9136_c4,		t10019678_c18,		1
t9136_c4,		t9161821_c1,		1
t9136_c4,		t7060657_c4,		1
t9136_c4,		t10240710_c6,		1
t9136_c4,		t7491525_c2,		1
t9136_c4,		t10255653_c2,		1
t9136_c4,		t3452737_c5,		4
t9136_c4,		t10102113_c7,		1
t9136_c4,		t10128640_c2,		3
t9136_c4,		t10268805_c1,		1
t9136_c4,		t10274752_c2,		2
t9136_c4,		t10299413_c0,		1
t9136_c4,		t10299413_c1,		2
t9136_c4,		t10299413_c2,		2
t9136_c4,		t10299413_c3,		1
t9136_c4,		t8421351_c9,		3
t9136_c4,		t10128640_c7,		1
t9136_c4,		t10128640_c10,		2
t9136_c4,		t10299413_c4,		2
t9136_c4,		t10299413_c6,		2
t9136_c4,		t10299413_c7,		2
t9136_c4,		t10299413_c8,		2
t9136_c4,		t10299413_c11,		2
t9136_c4,		t1381007_c10,		4
t9136_c4,		t10102113_c3,		1
t9136_c4,		t10128640_c3,		2
t9136_c4,		t10128640_c6,		3
t9136_c4,		t10128640_c11,		1
t9136_c4,		t10299413_c9,		1
t9136_c4,		t10299413_c10,		1
t9136_c4,		t10299413_c14,		1
t9136_c4,		t10127294_c2,		1
t9136_c4,		t101723_c7,		1
t9136_c4,		t1020669_c0,		1
t11627_c4,		t3468704_c4,		1
t11627_c4,		t107325_c4,		1
t11627_c4,		t5982579_c4,		1
t11627_c4,		t267943_c4,		1
t11627_c4,		t3877552_c4,		1
t11627_c4,		t5230953_c4,		1
t11627_c4,		t3313927_c4,		1
t11627_c4,		t4786125_c4,		1
t11627_c4,		t5537457_c4,		1
t11627_c4,		t6928371_c4,		1
t11627_c4,		t6119143_c4,		1
t11627_c4,		t7653017_c4,		1
t11627_c4,		t2948140_c4,		1
t11627_c4,		t3312362_c4,		1
t11627_c4,		t916417_c4,		1
t11627_c4,		t2913168_c4,		1
t11627_c4,		t4723103_c4,		1
t11627_c4,		t6400475_c4,		1
t11627_c4,		t9764595_c4,		1
t11627_c4,		t3364278_c4,		1
t11627_c4,		t4388342_c4,		1
t11627_c4,		t6832177_c4,		1
t11627_c4,		t8119137_c4,		1
t11627_c4,		t8718081_c4,		1
t11627_c4,		t3468704_c3,		3
t11627_c4,		t107325_c3,		3
t11627_c4,		t5982579_c3,		3
t11627_c4,		t267943_c3,		3
t11627_c4,		t3877552_c3,		3
t11627_c4,		t5230953_c3,		3
t11627_c4,		t6322312_c6,		1
t11627_c4,		t3313927_c3,		2
t11627_c4,		t4786125_c3,		2
t11627_c4,		t5537457_c3,		4
t11627_c4,		t6928371_c3,		4
t11627_c4,		t6119143_c3,		4
t11627_c4,		t7653017_c3,		4
t11627_c4,		t2948140_c3,		3
t11627_c4,		t3312362_c3,		4
t11627_c4,		t916417_c3,		3
t11627_c4,		t2913168_c3,		3
t11627_c4,		t4723103_c3,		3
t11627_c4,		t6400475_c3,		3
t11627_c4,		t9764595_c3,		3
t11627_c4,		t3364278_c3,		5
t11627_c4,		t4388342_c3,		4
t11627_c4,		t6832177_c3,		5
t11627_c4,		t8119137_c3,		3
t11627_c4,		t8718081_c3,		5
t11627_c4,		t1001449_c1,		1
t11627_c4,		t10016186_c2,		1
t11627_c4,		t10209869_c6,		1
t11627_c4,		t10209869_c7,		1
t11627_c4,		t6359497_c8,		2
t11627_c4,		t8700709_c2,		3
t11627_c4,		t770896_c0,		2
t11627_c4,		t4631622_c0,		2
t11627_c4,		t9427089_c4,		1
t11627_c4,		t6711631_c10,		1
t11627_c4,		t5762973_c0,		2
t11627_c4,		t3620174_c0,		2
t11627_c4,		t3952433_c0,		1
t11627_c4,		t1619700_c6,		2
t11627_c4,		t2755244_c8,		2
t11627_c4,		t6959936_c1,		1
t11627_c4,		t8404423_c2,		1
t11627_c4,		t7600072_c1,		1
t11627_c4,		t5940606_c0,		1
t11627_c4,		t7920387_c0,		1
t11627_c4,		t6174996_c6,		1
t11627_c4,		t6711631_c4,		7
t11627_c4,		t1013430_c1,		1
t11627_c4,		t4011652_c1,		1
t11627_c4,		t3640173_c0,		1
t11627_c4,		t6322312_c0,		1
t11627_c4,		t8700709_c3,		3
t11627_c4,		t9018020_c0,		1
t11627_c4,		t3265765_c4,		1
t11627_c4,		t6359497_c3,		2
t11627_c4,		t6471012_c8,		1
t11627_c4,		t1797446_c4,		1
t11627_c4,		t353267_c4,		1
t11627_c4,		t3511945_c4,		1
t11627_c4,		t5517316_c4,		1
t11627_c4,		t7334860_c1,		1
t11627_c4,		t8403369_c0,		1
t11627_c4,		t3747265_c6,		1
t11627_c4,		t2682035_c2,		1
t11627_c4,		t7067197_c4,		1
t11627_c4,		t539876_c5,		1
t11627_c4,		t10225422_c1,		1
t11627_c4,		t7566773_c0,		1
t11627_c4,		t8951244_c0,		1
t11627_c4,		t4917262_c1,		1
t11627_c4,		t8868634_c1,		1
t11627_c4,		t8516841_c3,		1
t11627_c4,		t1201025_c0,		1
t11627_c4,		t1659746_c5,		2
t11627_c4,		t10184291_c5,		1
t11627_c4,		t2990386_c1,		1
t11627_c4,		t5903373_c0,		1
t11627_c4,		t9236551_c2,		1
t11627_c4,		t8758655_c0,		1
t11627_c4,		t4047698_c11,		1
t11627_c4,		t2612899_c0,		1
t11627_c4,		t6711631_c1,		1
t11627_c4,		t3452737_c6,		1
t11627_c4,		t3452737_c12,		1
t11627_c4,		t10198051_c0,		1
t11627_c4,		t9715049_c4,		1
t11627_c4,		t2078909_c0,		1
t11627_c4,		t1965741_c0,		1
t11627_c4,		t3144709_c1,		1
t11627_c4,		t4947979_c2,		1
t11627_c4,		t8506527_c2,		1
t11627_c4,		t5347633_c2,		1
t11627_c4,		t2022569_c3,		1
t11627_c4,		t1468991_c3,		1
t11627_c4,		t4867951_c3,		1
t11627_c4,		t8533787_c3,		1
t11627_c4,		t4270238_c3,		1
t11627_c4,		t7112131_c3,		1
t11627_c4,		t9978842_c3,		1
t11627_c4,		t3274228_c3,		1
t11627_c4,		t8715124_c3,		1
t11627_c4,		t3295059_c3,		1
t11627_c4,		t4387083_c3,		1
t11627_c4,		t1218059_c3,		1
t11627_c4,		t954394_c3,		1
t11627_c4,		t6890489_c2,		1
t11627_c4,		t1309567_c0,		1
t11627_c4,		t6234706_c0,		1
t11627_c4,		t765755_c0,		1
t11627_c4,		t3640173_c3,		1
t11627_c4,		t3553910_c3,		1
t11627_c4,		t6932615_c3,		1
t11627_c4,		t4001117_c2,		1
t11627_c4,		t5239661_c0,		1
t11627_c4,		t10106138_c2,		1
t11627_c4,		t9682701_c2,		1
t11627_c4,		t4358853_c2,		1
t11627_c4,		t9203744_c2,		1
t11627_c4,		t6108695_c0,		1
t11627_c4,		t360436_c2,		1
t11627_c4,		t2090130_c1,		1
t11627_c4,		t680164_c0,		1
t12886_c0,		t8183565_c0,		2
t12886_c0,		t3144709_c0,		1
t12886_c0,		t5903373_c0,		2
t12886_c0,		t8391425_c0,		1
t12886_c0,		t8930570_c0,		1
t12886_c0,		t9263337_c0,		1
t12886_c0,		t10052876_c0,		1
t12886_c0,		t701738_c0,		1
t12886_c0,		t8477228_c0,		1
t12886_c0,		t4148378_c0,		1
t12886_c0,		t7561259_c0,		1
t12886_c0,		t9018020_c0,		1
t12886_c0,		t1381886_c0,		1
t12886_c0,		t1390838_c0,		1
t12886_c0,		t4341769_c0,		1
t12886_c0,		t47423_c0,		1
t12886_c0,		t6209022_c0,		1
t12886_c0,		t79546_c0,		2
t12886_c0,		t8775866_c0,		1
t12886_c0,		t1839410_c0,		1
t12886_c0,		t2899292_c0,		1
t12886_c0,		t3321760_c0,		1
t12886_c0,		t5374414_c0,		1
t12886_c0,		t6581779_c0,		1
t12886_c0,		t7434640_c0,		1
t12886_c0,		t1199711_c0,		1
t12886_c0,		t2612899_c0,		2
t12886_c0,		t5063412_c0,		1
t12886_c0,		t8023712_c0,		1
t12886_c0,		t8941086_c0,		1
t12886_c0,		t10123484_c0,		1
t12886_c0,		t3553910_c0,		1
t12886_c0,		t4811582_c0,		1
t12886_c0,		t5229366_c0,		1
t12886_c0,		t64353_c0,		1
t12886_c0,		t6932615_c0,		1
t12886_c0,		t3207665_c0,		1
t12886_c0,		t5879266_c0,		1
t12886_c0,		t5980613_c0,		1
t12886_c0,		t8891993_c0,		1
t12886_c0,		t8975586_c0,		1
t12886_c0,		t3265765_c0,		1
t12886_c0,		t3865734_c0,		1
t12886_c0,		t5822367_c0,		1
t12886_c0,		t6923471_c0,		1
t12886_c0,		t7062870_c0,		1
t12886_c0,		t10008626_c0,		1
t12886_c0,		t10084353_c0,		1
t12886_c0,		t10115058_c0,		1
t12886_c0,		t10120007_c0,		1
t12886_c0,		t10163321_c0,		1
t12886_c0,		t10172200_c0,		1
t12886_c0,		t10238351_c0,		1
t12886_c0,		t10258980_c0,		1
t12886_c0,		t10276611_c0,		1
t12886_c0,		t589717_c0,		1
t12886_c0,		t10166404_c0,		2
t12886_c0,		t4917262_c0,		1
t12886_c0,		t486590_c0,		2
t12886_c0,		t4148378_c1,		1
t12886_c0,		t3321760_c2,		1
t12886_c0,		t2899292_c1,		1
t12886_c0,		t10238351_c1,		1
t12886_c0,		t7661_c1,		1
t12886_c0,		t9262857_c6,		1
t12886_c0,		t1131325_c0,		1
t12886_c0,		t10005814_c4,		1
t12886_c0,		t10111070_c0,		1
t12886_c0,		t10060391_c0,		1
t12886_c0,		t10056102_c0,		2
t12886_c0,		t9819216_c0,		1
t12886_c0,		t9097496_c1,		1
t12886_c0,		t2646448_c4,		1
t12886_c0,		t3321760_c1,		1
t12886_c0,		t3988369_c0,		1
t12886_c0,		t4933192_c0,		1
t12886_c0,		t1493212_c3,		1
t12886_c0,		t153249_c3,		1
t12886_c0,		t4274292_c3,		1
t12886_c0,		t5552800_c3,		1
t12886_c0,		t7552063_c3,		1
t12886_c0,		t8054442_c3,		1
t12886_c0,		t1388363_c0,		1
t12886_c0,		t7926417_c0,		1
t12886_c0,		t2682035_c0,		1
t12886_c0,		t6222742_c0,		1
t12886_c0,		t5034440_c0,		2
t12886_c0,		t4824865_c3,		1
t12886_c0,		t6704953_c3,		1
t12886_c0,		t6817097_c0,		1
t12886_c0,		t8380830_c0,		1
t12886_c0,		t6249940_c0,		1
t12886_c0,		t4077827_c0,		2
t12886_c0,		t6711631_c2,		1
t12886_c0,		t3468704_c0,		1
t12886_c0,		t107325_c0,		1
t12886_c0,		t5982579_c0,		1
t12886_c0,		t267943_c0,		1
t12886_c0,		t3877552_c0,		1
t12886_c0,		t5230953_c0,		1
t12886_c0,		t3313927_c0,		1
t12886_c0,		t4786125_c0,		1
t12886_c0,		t5537457_c0,		1
t12886_c0,		t6928371_c0,		1
t12886_c0,		t6119143_c0,		1
t12886_c0,		t7653017_c0,		1
t12886_c0,		t2948140_c0,		1
t12886_c0,		t3312362_c0,		1
t12886_c0,		t916417_c0,		1
t12886_c0,		t2913168_c0,		1
t12886_c0,		t4723103_c0,		1
t12886_c0,		t6400475_c0,		1
t12886_c0,		t9764595_c0,		1
t12886_c0,		t3364278_c0,		1
t12886_c0,		t4388342_c0,		1
t12886_c0,		t6832177_c0,		1
t12886_c0,		t8119137_c0,		1
t12886_c0,		t8718081_c0,		1
t12886_c0,		t6972549_c0,		2
t12886_c0,		t8562624_c0,		1
t12886_c0,		t1381007_c7,		1
t12886_c0,		t8700709_c2,		2
t12886_c0,		t10093966_c0,		1
t12886_c0,		t4917262_c3,		1
t12886_c0,		t5239661_c0,		1
t12886_c0,		t4139008_c0,		1
t12886_c0,		t4917262_c1,		1
t12886_c0,		t8700709_c3,		1
t12886_c0,		t2448018_c2,		1
t12886_c0,		t10047649_c0,		1
t12886_c0,		t6977621_c0,		2
t12886_c0,		t5117860_c0,		1
t12886_c0,		t5129968_c0,		1
t12886_c0,		t5150604_c3,		1
t12886_c0,		t1965741_c0,		1
t12886_c0,		t7396483_c5,		2
t12886_c0,		t4755950_c0,		1
t12886_c0,		t10171937_c3,		1
t12886_c0,		t2218323_c4,		1
t12886_c0,		t5760189_c0,		1
t12886_c0,		t9568878_c0,		1
t12886_c0,		t6934312_c0,		1
t12886_c0,		t10207224_c2,		1
t12886_c0,		t6959936_c2,		1
t12886_c0,		t6959936_c3,		1
t12886_c0,		t3350268_c1,		1
t12886_c0,		t3198605_c2,		1
t12886_c0,		t4895760_c0,		1
t12886_c0,		t1126237_c5,		1
t12886_c0,		t9568878_c2,		1
t12886_c0,		t5722152_c5,		1
t12886_c0,		t2613587_c0,		1
t12886_c0,		t7067221_c0,		1
t12886_c0,		t3211648_c0,		1
t12886_c0,		t1822573_c0,		2
t12886_c0,		t1619700_c6,		1
t12886_c0,		t4914166_c3,		1
t12886_c0,		t8739005_c3,		1
t12886_c0,		t6198259_c0,		1
t12886_c0,		t492089_c0,		2
t12886_c0,		t7864274_c0,		1
t12886_c0,		t8930570_c1,		1
t12886_c0,		t4001117_c0,		1
t12886_c0,		t6581779_c1,		1
t12886_c0,		t6359497_c8,		2
t12886_c0,		t3580607_c4,		1
t12886_c0,		t9161821_c5,		1
t12886_c0,		t9520876_c0,		1
t12886_c0,		t7593231_c2,		1
t12886_c0,		t10235239_c1,		1
t12886_c0,		t9671222_c8,		1
t12886_c0,		t2236717_c0,		1
t12886_c0,		t4342260_c0,		1
t12886_c0,		t3690030_c0,		1
t13388_c1,		t5769411_c3,		1
t13388_c1,		t7067197_c4,		1
t13388_c1,		t6711631_c2,		37
t13388_c1,		t6890489_c2,		4
t13388_c1,		t10290406_c1,		1
t13388_c1,		t9262857_c5,		3
t13388_c1,		t2992888_c2,		1
t13388_c1,		t8614580_c0,		23
t13388_c1,		t10009500_c2,		1
t13388_c1,		t10018935_c2,		1
t13388_c1,		t10033230_c2,		1
t13388_c1,		t10045688_c1,		1
t13388_c1,		t10054417_c2,		1
t13388_c1,		t10069794_c2,		1
t13388_c1,		t10074177_c2,		1
t13388_c1,		t10093183_c2,		1
t13388_c1,		t10103894_c2,		1
t13388_c1,		t10107556_c3,		1
t13388_c1,		t10110599_c1,		1
t13388_c1,		t10115633_c3,		1
t13388_c1,		t10132236_c2,		1
t13388_c1,		t10145369_c1,		1
t13388_c1,		t10160664_c2,		1
t13388_c1,		t10161197_c2,		1
t13388_c1,		t10165570_c2,		1
t13388_c1,		t10203240_c2,		1
t13388_c1,		t10203901_c2,		1
t13388_c1,		t10217268_c2,		1
t13388_c1,		t10254257_c6,		1
t13388_c1,		t10267253_c2,		1
t13388_c1,		t10269154_c1,		1
t13388_c1,		t10244859_c15,		2
t13388_c1,		t5374414_c4,		1
t13388_c1,		t7396483_c5,		2
t13388_c1,		t2185975_c1,		4
t13388_c1,		t549379_c1,		4
t13388_c1,		t8975586_c4,		1
t13388_c1,		t9540451_c0,		1
t13388_c1,		t6174996_c6,		2
t13388_c1,		t2456584_c1,		1
t13388_c1,		t9355764_c8,		2
t13388_c1,		t115249_c5,		1
t15192_c0,		t6359497_c8,		8
t15192_c0,		t6191990_c5,		1
t15192_c0,		t5229366_c4,		1
t15192_c0,		t4490020_c1,		1
t15192_c0,		t582563_c1,		2
t15192_c0,		t8700709_c3,		5
t15192_c0,		t4139008_c1,		2
t15192_c0,		t8285286_c1,		1
t15192_c0,		t4139008_c2,		1
t15192_c0,		t1828015_c21,		1
t15192_c0,		t1659746_c5,		1
t15192_c0,		t4542234_c1,		3
t15192_c0,		t1683871_c2,		2
t15192_c0,		t10115633_c6,		1
t15192_c0,		t8700709_c2,		1
t15192_c0,		t9295839_c0,		1
t15192_c0,		t2579879_c2,		1
t15192_c0,		t5129968_c2,		16
t15192_c0,		t8506527_c0,		1
t15192_c0,		t4490334_c2,		1
t15192_c0,		t1276527_c1,		1
t15192_c0,		t5981839_c1,		1
t15192_c0,		t3672929_c2,		1
t15192_c0,		t10115058_c1,		1
t15192_c0,		t5321914_c4,		1
t15192_c0,		t9816392_c0,		1
t15192_c0,		t6209022_c1,		1
t15192_c0,		t5067905_c1,		1
t15192_c0,		t7550138_c0,		1
t15192_c0,		t1822573_c0,		1
t15192_c0,		t5011423_c7,		1
t15192_c0,		t10015918_c0,		2
t15192_c0,		t10063193_c1,		1
t15192_c0,		t9697980_c0,		1
t15192_c0,		t6977621_c0,		1
t15192_c0,		t1276527_c2,		3
t15192_c0,		t5981839_c2,		3
t15192_c0,		t213344_c0,		1
t15192_c0,		t5407894_c1,		4
t15192_c0,		t5813457_c1,		4
t15192_c0,		t6174996_c5,		1
t15192_c0,		t4917262_c1,		1
t15192_c0,		t8516841_c2,		2
t15192_c0,		t6711631_c2,		1
t15192_c0,		t9671222_c8,		1
t15192_c0,		t1611181_c7,		2
t15192_c0,		t7334860_c3,		1
t15192_c0,		t293084_c0,		1
t15192_c0,		t954394_c1,		1
t15192_c0,		t6890489_c2,		1
t15192_c0,		t7645457_c3,		1
t15192_c0,		t5769411_c3,		1
t15192_c0,		t5011423_c6,		1
t15192_c0,		t10188143_c1,		1
t15192_c0,		t2992888_c0,		1
t15192_c0,		t3747265_c3,		1
t15192_c0,		t6198259_c4,		1
t15192_c0,		t1265089_c2,		1
t15192_c0,		t1413392_c2,		1
t15192_c0,		t3353490_c2,		1
t15192_c0,		t4937298_c2,		1
t15192_c0,		t4945772_c2,		1
t15192_c0,		t5029109_c2,		1
t15192_c0,		t8495834_c2,		1
t15192_c0,		t5150604_c3,		1
t15192_c0,		t1963300_c2,		1
t15192_c0,		t7442_c0,		1
t15192_c0,		t9682701_c3,		1
t15192_c0,		t10165129_c0,		1
t15192_c0,		t2059772_c2,		1
t15192_c0,		t5874053_c2,		1
t15192_c0,		t7154198_c2,		1
t15192_c0,		t2584037_c2,		1
t15192_c0,		t1224543_c0,		1
t15192_c0,		t1828015_c2,		1
t15192_c0,		t6977621_c3,		1
t15192_c0,		t9540451_c2,		1
t15192_c0,		t5722152_c5,		1
t15192_c0,		t6174996_c4,		1
t15192_c0,		t10000129_c0,		1
t15192_c0,		t10002820_c0,		1
t15192_c0,		t10010944_c6,		1
t15192_c0,		t10014619_c0,		1
t15192_c0,		t10016186_c3,		1
t15192_c0,		t10016701_c1,		1
t15192_c0,		t10018098_c0,		1
t15192_c0,		t1001935_c0,		1
t15192_c0,		t10020142_c0,		1
t15192_c0,		t10022373_c0,		1
t15192_c0,		t10027214_c0,		1
t15192_c0,		t10038844_c2,		1
t15192_c0,		t10039657_c0,		1
t15192_c0,		t10043467_c0,		1
t15192_c0,		t10043484_c0,		1
t15192_c0,		t10054189_c0,		1
t15192_c0,		t10059472_c1,		1
t15192_c0,		t10064580_c2,		1
t15192_c0,		t10066678_c0,		1
t15192_c0,		t10069496_c0,		1
t15192_c0,		t10073920_c2,		1
t15192_c0,		t10086691_c0,		1
t15192_c0,		t10087099_c0,		1
t15192_c0,		t10099605_c0,		1
t15192_c0,		t10104402_c0,		1
t15192_c0,		t10106138_c0,		1
t15192_c0,		t10121985_c0,		1
t15192_c0,		t10137800_c0,		1
t15192_c0,		t1013844_c0,		1
t15192_c0,		t10147375_c3,		1
t15192_c0,		t10154905_c9,		1
t15192_c0,		t10161204_c1,		1
t15192_c0,		t10171937_c0,		1
t15192_c0,		t10175701_c0,		1
t15192_c0,		t10178239_c0,		1
t15192_c0,		t10181521_c0,		1
t15192_c0,		t10188143_c3,		1
t15192_c0,		t1019280_c0,		1
t15192_c0,		t10197692_c2,		1
t15192_c0,		t10198051_c0,		1
t15192_c0,		t10198233_c0,		1
t15192_c0,		t10198721_c0,		1
t15192_c0,		t10202350_c0,		1
t15192_c0,		t10203119_c12,		1
t15192_c0,		t1020669_c5,		1
t15192_c0,		t10207037_c0,		1
t15192_c0,		t10209022_c0,		1
t15192_c0,		t10210997_c5,		1
t15192_c0,		t10213362_c2,		1
t15192_c0,		t10213930_c0,		1
t15192_c0,		t10217130_c0,		1
t15192_c0,		t10225128_c0,		1
t15192_c0,		t10229666_c0,		1
t15192_c0,		t10234852_c0,		1
t15192_c0,		t10235239_c0,		1
t15192_c0,		t10240354_c1,		1
t15192_c0,		t10241564_c0,		1
t15192_c0,		t10242937_c0,		1
t15192_c0,		t10249113_c2,		1
t15192_c0,		t10258495_c6,		1
t15192_c0,		t10266807_c0,		1
t15192_c0,		t10274752_c0,		1
t15192_c0,		t1027683_c0,		1
t15192_c0,		t10283771_c0,		1
t15192_c0,		t10285489_c2,		1
t15192_c0,		t10291686_c12,		1
t15192_c0,		t10294583_c0,		1
t15192_c0,		t10296658_c6,		1
t15192_c0,		t10300062_c0,		1
t15192_c0,		t1030205_c0,		1
t15192_c0,		t10302392_c0,		1
t15192_c0,		t10302551_c0,		1
